"Aggarwal, C. C. (2017). Outlier analysis. Springer International Publishing. https://doi.org/10.1007/978-3-319-47578-3"
"Ahmad, S., Lavin, A., Purdy, S., & Agha, Z. (2017). Unsupervised real-time anomaly detection for streaming data. Neurocomputing, 262, 134–147. https://doi.org/10.1016/j.neucom.2017.04.070"
"Aldrian, E. (2014). Perbandingan Data Pengamatan Parameter Meteorologi Antara Metode Manual dan Otomatis Melalui Otomatisasi Instrumen Cuaca dan Iklim Menggunakan Agroclimate Automatic Weather Station. Laporan Tahunan Hasil Penelitian Puslitbang. Jakarta: BMKG."
"Alom, M. Z., Taha, T. M., Yakopcic, C., Westberg, S., Sidike, P., Nasrin, M. S., Hasan, M., Van Essen, B. C., Awwal, A. A. S., & Asari, V. K. (2019). A state-of-the-art survey on deep learning theory and architectures. Electronics, 8(3), 1–3. https://doi.org/10.3390/electronics8030292"
"Ananda, N., Wicaksana, H. S., Wijaya, Y. G., & Hijazi, R. (2023). Hyperparameter tuning LSTM sebagai estimator sensor relative humidity pada automatic weather station berbasis simulated annealing. Buletin Meteorologi, Klimatologi dan Geofisika, 3(1), 35-43."
"Angelopoulos, A., Michailidis, E. T., Nomikos, N., Trakadas, P., Hatziefremidis, A., Voliotis, S., & Zahariadis, T. (2020). Tackling faults in the industry 4.0 era—A survey of machine-learning solutions and key aspects. Sensors, 20(1), 109. https://doi.org/10.3390/s20010109"
"BMKG. (2014). Peraturan Kepala Badan Meteorologi Klimatologi dan Geofisika Nomor 7 Tahun 2014 tentang Standar Teknis dan Operasional Pemeliharaan Peralatan Pengamatan MKG."
"Braei, M., & Wagner, S. (2020). Anomaly detection in univariate time-series: A survey on the state-of-the-art. arXiv preprint arXiv:2004.00433. https://arxiv.org/abs/2004.00433"
"Chandola, V., Banerjee, A., & Kumar, V. (2009). Anomaly detection: A survey. ACM Computing Surveys (CSUR), 41(3), 15. https://doi.org/10.1145/1541880.1541882"
"Chio, C., & Freeman, D. (2017). Machine learning and security. O’Reilly Media."
"Cummins, M. R. (2019). Nonhypothesis-driven research: Data mining and knowledge discovery. In Clinical research informatics (pp. 341–356). Springer. https://doi.org/10.1007/978-3-319-98779-8_18"
"Diallo, M. S., Mokeddem, S. A., Braud, A., Frey, G., & Lachiche, N. (2021). Identifying benchmarks for failure prediction in industry 4.0. Informatics, 8(4), 68. https://doi.org/10.3390/informatics8040068"
"Diani, F., Permana, H., Ibrahim, & Sarah, P. (2012). Kajian sistem informasi prakiraan cuaca BMKG pada BMKG Bandung. Seminar Nasional Aplikasi Teknologi Informasi 2012, Yogyakarta."
"Diponegoro, M. H., Kusumawardani, S. S., & Hidayah, I. (2021). Tinjauan pustaka sistematis: Implementasi metode deep learning pada prediksi kinerja murid. Jurnal Nasional Teknik Elektro dan Teknologi Informasi, 10(2), 131–138."
"Draelos, R. (2019). Introduction to neural networks. Glassbox Medicine. https://glassboxmedicine.com/2019/01/17/introduction-to-neural-networks/"
"Elhalwagy, A., & Kalganova, T. (2022). Multi-channel LSTM-capsule autoencoder network for anomaly detection on multivariate data. Applied Sciences, 12(22), 11393. https://doi.org/10.3390/app122211393"
"Es-sakali, N., Cherkaoui, M., Mghazli, M. O., & Naimi, Z. (2022). Review of predictive maintenance algorithms applied to HVAC systems. Energy Reports, 8, 1003–1012. https://doi.org/10.1016/j.egyr.2022.07.130"
"Febrianty, D., Pratama, M. A. B., & Pratama, A. P. (2023). Pengujian data curah hujan dan tekanan udara permukaan hasil pengamatan paralel dari alat otomatis dan konvensional di Stasiun Klimatologi Banten. Buletin Meteorologi, Klimatologi dan Geofisika, 3(2), 34–42."
"Ge, Z., Song, Z., Ding, S. X., & Huang, B. (2017). Data mining and analytics in the process industry: The role of machine learning. IEEE Access, 5, 20590–20616. https://doi.org/10.1109/ACCESS.2017.2756872"
"Ghazal, M. M., & Hammad, A. (2022). Application of knowledge discovery in database (KDD) techniques in cost overrun of construction projects. International Journal of Construction Management, 22(9), 1632–1646. https://doi.org/10.1080/15623599.2020.1753145"
"Goldstein, M., & Uchida, S. (2016). A comparative evaluation of unsupervised anomaly detection algorithms for multivariate data. PLoS ONE, 11(4), e0152173. https://doi.org/10.1371/journal.pone.0152173"
"Hand, D. J., Smyth, P., & Mannila, H. (2001). Principles of data mining. MIT Press."
"Hansen, R., Hall, D., & Kurtz, S. (1995). A new approach to the challenge of machinery prognostics. Proceedings of the 1995 IEEE International Conference on Systems, Man and Cybernetics."
"Hernández-Blanco, A., Herrera-Flores, B., Tomás, D., & Navarro-Colorado, B. (2019). A systematic review of deep learning approaches to educational data mining. Complexity, 2019, 1306039. https://doi.org/10.1155/2019/1306039"
"Hochreiter, S., & Schmidhuber, J. (1997). Long short-term memory. Neural Computation, 9(8), 1735–1780. https://doi.org/10.1162/neco.1997.9.8.1735"
"Hodson, T. O. (2022). Root mean square error (RMSE) or mean absolute error (MAE): When to use them or not. Geoscientific Model Development Discussions, 2022, 1–10. https://doi.org/10.5194/gmd-2022-1"
"Hossain, E., Shariff, M. A. U., Hossain, M. S., & Andersson, K. (2020). A novel deep learning approach to predict air quality index. In Proceedings of International Conference on Trends in Computational and Cognitive Engineering (pp. 367–381). Springer. https://doi.org/10.1007/978-981-33-4673-4_29"
"Jung, Y., Kang, T., & Chun, C. (2021). Anomaly analysis on indoor office spaces for facility management using deep learning methods. Journal of Building Engineering, 43, 103139. https://doi.org/10.1016/j.jobe.2021.103139"
"Kang, J., Kim, C. S., Kang, J. W., & Gwak, J. (2021). Anomaly detection of the brake operating unit on metro vehicles using a one-class LSTM autoencoder. Applied Sciences, 11(19), 9290. https://doi.org/10.3390/app11199290"
"Keogh, E., Lin, J., & Fu, A. (2005). HOT SAX: Efficiently finding the most unusual time series subsequence. In Proceedings of the International Conference on Data Mining (ICDM). https://doi.org/10.1109/ICDM.2005.79"
"Lackmann, G., Miller, R., Robinson, W., & Michaelis, A. (2021). Persistent anomaly changes in high-resolution climate simulations. Journal of Climate, 34(1), 1-46. https://doi.org/10.1175/JCLI-D-20-0465.1"
"LeCun, Y., Bengio, Y., & Hinton, G. (2015). Deep learning. Nature, 521(7553), 436–444. https://doi.org/10.1038/nature14539"
"Lin, S., Clark, R., Birke, R., Schönborn, S., Trigoni, N., & Roberts, S. (2020). Anomaly detection for time series using VAE-LSTM hybrid model. In ICASSP 2020-2020 IEEE International Conference on Acoustics, Speech and Signal Processing (ICASSP) (pp. 4322-4326). IEEE. https://doi.org/10.1109/ICASSP40776.2020.9054658"
"Maharaj, E. A., D’Urso, P., & Caiado, J. (2019). Time series clustering and classification (1st ed.). Chapman and Hall/CRC. https://doi.org/10.1201/9780429440998"
"Malhotra, P., Vig, L., Shroff, G., & Agarwal, P. (2015). Long short term memory networks for anomaly detection in time series. In Proceedings (p. 89). Presses universitaires de Louvain."
"Manco, G., Ritacco, E., Rullo, P., Gallucci, L., Astill, W., Kimber, D., & Antonelli, M. (2017). Fault detection and explanation through big data analysis on sensor streams. Expert Systems with Applications, 87, 141–156. https://doi.org/10.1016/j.eswa.2017.06.021"
"Massidda, L., & Marrocu, M. (2018). Quantile regression post-processing of weather forecast for short-term solar power probabilistic forecasting. Energies, 11(7), 1763. https://doi.org/10.3390/en11071763"
"Mercurio, M. (2022). Towards predictive maintenance using long short-term memory autoencoder and streaming explainability. arXiv preprint arXiv:2203.12345."
"Mnih, V., Kavukcuoglu, K., Silver, D., Rusu, A. A., Veness, J., Bellemare, M. G., Graves, A., Riedmiller, M., Fidjeland, A. K., Ostrovski, G., Petersen, S., Beattie, C., Sadik, A., Antonoglou, I., King, H., Kumaran, D., Wierstra, S., Legg, S., & Hassabis, D. (2015). Human-level control through deep reinforcement learning. Nature, 518(7540), 529–533. https://doi.org/10.1038/nature14236"
"Montesinos López, O. A., Montesinos López, A., & Crossa, J. (2022). Multivariate statistical machine learning methods for genomic prediction (p. 691). Springer Nature. https://doi.org/10.1007/978-3-030-89010-0"
"Mukhlis, M., Kustiyo, A., & Suharso, A. (2021). Peramalan produksi pertanian menggunakan model long short-term memory. Bina Insa ICT Journal, 8(1), 22. https://doi.org/10.51211/biict.v8i1.1492"
"Nguyen, H. D., Tran, K. P., Thomassey, S., & Hamad, M. (2021). Forecasting and anomaly detection approaches using LSTM and LSTM autoencoder techniques with the applications in supply chain management. International Journal of Information Management, 57, 102282. https://doi.org/10.1016/j.ijinfomgt.2020.102282"
"Noor, I. A. (2023). Peran keanekaragaman hayati di Indonesia dalam mengatasi perubahan iklim global. In Prosiding Seminar Nasional Biologi (Vol. 3, No. 2, pp. 243-265)."
"Oh, S. H., & Kim, J. G. (2023). LSTM-based PdM platform for automobile SCU inspection equipment. In International Conference on Information Networking (pp. 363–365). IEEE. https://doi.org/10.1109/ICOIN56518.2023.10048924"
"Palacios, C. A., Reyes-Suárez, J. A., Bearzotti, L. A., Leiva, V., & Marchant, C. (2021). Knowledge discovery for higher education student retention based on data mining: Machine learning algorithms and case study in Chile. Entropy, 23(4), 485. https://doi.org/10.3390/e23040485"
"Park, C. (2018). Outlier and anomaly pattern detection on data streams. The Journal of Supercomputing, 74(12), 1-11. https://doi.org/10.1007/s11227-018-2674-1"
"Presiden Republik Indonesia. (2012). Penjelasan atas Peraturan Pemerintah Republik Indonesia Nomor 46 Tahun 2012 tentang Penyelenggaraan Pengamatan dan Pengelolaan Data Meteorologi, Klimatologi, dan Geofisika. Jakarta: Presiden RI."
"Putra, M. A. (2023). Efek psikologis dari perubahan iklim dan bencana. Literacy Notes, 1(2), 2."
"Qian, W., Du, J., & Ai, Y. (2021). A review: Anomaly-based versus full-field-based weather analysis and forecasting. Bulletin of the American Meteorological Society, 102(4), E849-E870. https://doi.org/10.1175/BAMS-D-20-0022.1"
"Ren, H., Xu, B., Wang, Y., Yi, C., Huang, C., Kou, X., Xing, T., Yang, M., Tong, J., & Zhang, Q. (2019). Time-series anomaly detection service at Microsoft. In Proceedings of the International Conference on Knowledge Discovery and Data Mining (SIGKDD) (pp. 3009–3017). https://doi.org/10.1145/3292500.3330680"
"Risnayah, S. (2022). Uji keakuratan data suhu udara, kelembaban udara, tekanan udara, dan curah hujan dari alat automatic weather station terhadap pengukuran manualnya. Megasains, 13(2)."
"Rubi, M. A., Chowdhury, S., Rahman, A. A. A., Meero, A., Zayed, N. M., & Islam, K. A. (2022). Fitting multi-layer feed forward neural network and autoregressive integrated moving average for Dhaka Stock Exchange price predicting. Emerging Science Journal, 6(5), 1046–1061. https://doi.org/10.28991/ESJ-2022-06-05-08"
"Rustamana, A., Wahyuningsih, P., Azka, M. F., & Wahyu, P. (2024). Penelitian metode kuantitatif. Sindoro: Cendikia Pendidikan, 5(6), 81–90."
"Santoso, B., Ryan, M., Wicaksana, H. S., Ananda, N., Budiawan, I., Mukhlish, F., & Kurniadi, D. (2023). Predictive maintenance automatic weather station sensor error detection using long short-term memory. Ultima Computing: Jurnal Sistem Komputer, 15(2), 41-51."
"Scheuer, O., & McLaren, B. M. (2012). Educational data mining. In Encyclopedia of the sciences of learning (pp. 1075–1079). Springer. https://doi.org/10.1007/978-1-4419-1428-6_317"
"Schmidhuber, J. (2015). Deep learning in neural networks: An overview. Neural Networks, 61, 85–117. https://doi.org/10.1016/j.neunet.2014.09.003"
"Schmidl, S., Wenig, P., & Papenbrock, T. (2022). Anomaly detection in time series: A comprehensive evaluation. Proceedings of the VLDB Endowment, 15(9), 1779–1797. https://doi.org/10.14778/3538598.3538602"
"Serradilla, O., Zugasti, E., Rodriguez, J., & Zurutuza, U. (2022). Deep learning models for predictive maintenance: A survey, comparison, challenges and prospects. Applied Intelligence, 52(10), 10934–10964. https://doi.org/10.1007/s10489-022-03454-y"
"Siffer, A., Fouque, P. A., Termier, A., & Largouet, C. (2017). Anomaly detection in streams with extreme value theory. In Proceedings of the 23rd ACM SIGKDD International Conference on Knowledge Discovery and Data Mining (pp. 1067–1075). https://doi.org/10.1145/3097983.3098144"
"Singh, A. (2017). Anomaly detection for temporal data using long short-term memory (LSTM) [Master's thesis]. KTH Information and Communication Technology."
"Sugiyarti, E., Jasmi, K. A., Basiron, B., Huda, M., Shankar, K., & Maseleno, A. (2018). Decision support system of scholarship grantee selection using data mining. International Journal of Pure and Applied Mathematics, 119(15), 2239–2249."
"Sánchez, A., Vidal-Silva, C., Mancilla, G., Tupac-Yupanqui, M., & Rubio, J. M. (2023). Sustainable e-learning by data mining—Successful results in a Chilean university. Sustainability, 15(2), 895. https://doi.org/10.3390/su15020895"
"Terven, J., Cordova-Esparza, D. M., Ramirez-Pedraza, A., Chavez-Urbiola, E. A., & Romero-Gonzalez, J. A. (2023). Loss functions and metrics in deep learning. arXiv preprint arXiv:2307.02694."
"Van Tung, T., & Yang, B.-S. (2009). Machine fault diagnosis and prognosis: The state of the art. International Journal of Fluid Machinery and Systems, 2(1), 61–71. https://doi.org/10.5293/IJFMS.2009.2.1.061"
"Vaswani, A., Shazeer, N., Parmar, N., Uszkoreit, J., Jones, L., Gomez, A. N., Kaiser, Ł., & Polosukhin, I. (2017). Attention is all you need. In Advances in Neural Information Processing Systems (Vol. 30, pp. 5998–6008). https://doi.org/10.48550/arXiv.1706.03762"
"Viqri, Z. S. C., & Kurniati, E. (2023). Perbandingan penerapan metode fuzzy time series model Chen-Hsu dan model Lee dalam memprediksi kurs rupiah terhadap dolar Amerika. DataMath: Journal of Statistics and Mathematics, 1(1), 19–26."
"Vrigazova, B. (2021). The proportion for splitting data into training and test set for the bootstrap in classification problems. Business Systems Research: International Journal of the Society for Advancing Innovation and Research in Economy, 12(1), 228–242. https://doi.org/10.2478/bsrj-2021-0016"
"Wellyantama, P., & Soekirno, S. (2020). Temperature, pressure, relative humidity and rainfall sensors early error detection system for automatic weather station (AWS) with artificial neural network (ANN) backpropagation. In The 10th International Conference on Theoretical and Applied Physics. IOP Publishing. https://doi.org/10.1088/1742-6596/1816/1/012056"
"Wen, R., Torkkola, K., Narayanaswamy, B., & Madeka, D. (2017). A multi-horizon quantile recurrent forecaster. arXiv preprint arXiv:1711.11053."
"Wibawanty, D. R., Wandayantolis, W., & Ishak, I. (2022). Verifikasi kinerja alat automatic weather system (AWS) dan termometer digital terhadap observasi manual di Stasiun Klimatologi Palembang. JRST (Jurnal Riset Sains dan Teknologi), 6(2), 151-163."
"Witanti, W., Anggara, S. A., & Melina, M. (2024). Peramalan harga cabai rawit merah menggunakan attention mechanism berbasis long short-term memory. Journal of Applied Computer Science and Technology, 5(2), 128-135."
"Wu, R., & Keogh, E. J. (2020). Current time series anomaly detection benchmarks are flawed and are creating the illusion of progress. arXiv preprint arXiv:2009.13807. https://arxiv.org/abs/2009.13807"
"Wuest, T., Weimer, D., Irgens, C., & Thoben, K.-D. (2016). Machine learning in manufacturing: Advantages, challenges, and applications. Production & Manufacturing Research, 4(1), 23–45. https://doi.org/10.1080/21693277.2016.1192517"
"Zhao, J., Gao, C., & Tang, T. (2022). A review of sustainable maintenance strategies for single component and multicomponent equipment. Sustainability, 14(5), 2992. https://doi.org/10.3390/su14052992"
"Zhao, J., Gao, C., & Tang, T. (2022). A review of sustainable maintenance strategies for single component and multicomponent equipment. Sustainability, 14(5), 2992. https://doi.org/10.3390/su14052992"
"Zhao, P., Kurihara, M., Tanaka, J., Noda, T., Chikuma, S., & Suzuki, T. (2017). Advanced correlation-based anomaly detection method for predictive maintenance. In 2017 IEEE International Conference on Prognostics and Health Management (ICPHM) (pp. 78–83). https://doi.org/10.1109/ICPHM.2017.7998311"
"Zonta, T., Da Costa, C. A., Da Rosa Righi, R., De Lima, M. J., Da Trindade, E. S., & Li, G. P. (2020). Predictive maintenance in the industry 4.0: A systematic literature review. Computers & Industrial Engineering, 150, 106889. https://doi.org/10.1016/j.cie.2020.106889"
"Zrira, N., Kamal-Idrissi, A., Farssi, R., & Khan, H. A. (2024). Time series prediction of sea surface temperature based on BiLSTM model with attention mechanism. Journal of Sea Research, 198, 102472. https://doi.org/10.1016/j.seares.2024.102472"
